sitemap,url
https://ecowiseitaly.com/wp-sitemap-posts-page-1.xml,https://ecowiseitaly.com/
https://ecowiseitaly.com/wp-sitemap-posts-page-1.xml,https://ecowiseitaly.com/for-schools/
https://ecowiseitaly.com/wp-sitemap-posts-page-1.xml,https://ecowiseitaly.com/for-schools/science-ecology-environment-field-trips/
https://ecowiseitaly.com/wp-sitemap-posts-page-1.xml,https://ecowiseitaly.com/for-schools/science-field-work-data-collection-trips/
https://ecowiseitaly.com/wp-sitemap-posts-page-1.xml,https://ecowiseitaly.com/for-schools/conflict-resolution-program/
https://ecowiseitaly.com/wp-sitemap-posts-page-1.xml,https://ecowiseitaly.com/for-schools/the-food-connection/
https://ecowiseitaly.com/wp-sitemap-posts-page-1.xml,https://ecowiseitaly.com/for-schools/outdoor-service-education-projects/
https://ecowiseitaly.com/wp-sitemap-posts-page-1.xml,https://ecowiseitaly.com/for-schools/storytelling-drama-experiences-in-nature/
https://ecowiseitaly.com/wp-sitemap-posts-page-1.xml,https://ecowiseitaly.com/for-schools/team-building-wild-rites-of-passage/
https://ecowiseitaly.com/wp-sitemap-posts-page-1.xml,https://ecowiseitaly.com/for-schools/mindfulness-and-nature-awareness-workshops/
https://ecowiseitaly.com/wp-sitemap-posts-page-1.xml,https://ecowiseitaly.com/for-schools/wilderness-encounter-groups-ecoliteracy-camps/
https://ecowiseitaly.com/wp-sitemap-posts-page-1.xml,https://ecowiseitaly.com/for-schools/where-we-run-our-programs/
https://ecowiseitaly.com/wp-sitemap-posts-page-1.xml,https://ecowiseitaly.com/for-schools/day-programs/
https://ecowiseitaly.com/wp-sitemap-posts-page-1.xml,https://ecowiseitaly.com/for-schools/residential-field-trips/
https://ecowiseitaly.com/wp-sitemap-posts-page-1.xml,https://ecowiseitaly.com/per-le-scuole-italiane/
https://ecowiseitaly.com/wp-sitemap-posts-page-1.xml,https://ecowiseitaly.com/gateways/
https://ecowiseitaly.com/wp-sitemap-posts-page-1.xml,https://ecowiseitaly.com/family-ecoadventures/
https://ecowiseitaly.com/wp-sitemap-posts-page-1.xml,https://ecowiseitaly.com/gateways/italian-wildlife-ecology-tour/
https://ecowiseitaly.com/wp-sitemap-posts-page-1.xml,https://ecowiseitaly.com/gateways/food-wine-landscape-experiences/
https://ecowiseitaly.com/wp-sitemap-posts-page-1.xml,https://ecowiseitaly.com/gateways/green-retreats/
https://ecowiseitaly.com/wp-sitemap-posts-page-1.xml,https://ecowiseitaly.com/gateways/more-on-us/
https://ecowiseitaly.com/wp-sitemap-posts-page-1.xml,https://ecowiseitaly.com/gateways/how-to-get-here/
https://ecowiseitaly.com/wp-sitemap-posts-page-1.xml,https://ecowiseitaly.com/gateways/where-to-stay/
https://ecowiseitaly.com/wp-sitemap-posts-page-1.xml,https://ecowiseitaly.com/what-is-ecowise/
https://ecowiseitaly.com/wp-sitemap-posts-page-1.xml,https://ecowiseitaly.com/what-they-say-about-us/
https://ecowiseitaly.com/wp-sitemap-posts-page-1.xml,https://ecowiseitaly.com/contact-us/
https://ecowiseitaly.com/wp-sitemap-posts-page-1.xml,https://ecowiseitaly.com/gallery/
https://ecowiseitaly.com/wp-sitemap-posts-page-1.xml,https://ecowiseitaly.com/news/
https://ecowiseitaly.com/wp-sitemap-posts-page-1.xml,https://ecowiseitaly.com/corporate-team-building-vacation/
https://ecowiseitaly.com/wp-sitemap-posts-page-1.xml,https://ecowiseitaly.com/outdoor-education-tutorials/
https://ecowiseitaly.com/wp-sitemap-posts-post-1.xml,https://ecowiseitaly.com/tracks-in-the-snow/
https://ecowiseitaly.com/wp-sitemap-posts-post-1.xml,https://ecowiseitaly.com/spring-friends/
https://ecowiseitaly.com/wp-sitemap-posts-post-1.xml,https://ecowiseitaly.com/a-rare-sighting-of-wolves/
https://ecowiseitaly.com/wp-sitemap-taxonomies-category-1.xml,https://ecowiseitaly.com/category/uncategorized/
https://ecowiseitaly.com/wp-sitemap-users-1.xml,https://ecowiseitaly.com/author/admin/
https://ecowiseitaly.com/wp-sitemap.xml,https://ecowiseitaly.com/wp-sitemap-posts-post-1.xml
https://ecowiseitaly.com/wp-sitemap.xml,https://ecowiseitaly.com/wp-sitemap-posts-page-1.xml
https://ecowiseitaly.com/wp-sitemap.xml,https://ecowiseitaly.com/wp-sitemap-taxonomies-category-1.xml
https://ecowiseitaly.com/wp-sitemap.xml,https://ecowiseitaly.com/wp-sitemap-users-1.xml
